Occurrence	American Standard Version	label	Aspect_word_en	Vulgata	Aspect_word_latin	subject	verb	object
Mark 15:36	"And one ran, and filling a sponge full of vinegar, put it on a reed, and gave him to drink, saying, Let be; let us see whether Elijah cometh to take him down."	0	filling	Currens autem unus, et implens spongiam aceto, circumponensque calamo, potum dabat ei, dicens: Sinite, videamus si veniat Elias ad deponendum eum.	implens	unus	implere	spongia
Luke 5:7	And they came, and filled both the boats, so that they began to sink. 	0	filled	Et venerunt, et impleverunt ambas naviculas, ita ut pene mergerentur. 	impleverunt		implere	navicula
John 6:13	So they gathered them up, and filled twelve baskets with broken pieces from the five barley loaves, which remained over unto them that had eaten. 	0	filled	Collegerunt ergo, et impleverunt duodecim cophinos fragmentorum ex quinque panibus hordeaceis, quae superfuerunt his qui manducaverant.	impleverunt		implere	cophinus
Acts 3:10	"And they took knowledge of him, that it was he that sat for alms at the Beautiful Gate of the temple; and they were filled with wonder and amazement at that which had happened unto him. "	1	filled	Cognoscebant autem illum, quod ipse erat qui ad eleemosynam sedebat ad Speciosam portam templi: et impleti sunt stupore et extasi in eo quod contigerat illi.	impleti		implere	
Acts 9:17	"And Ananias departed, and entered into the house; and laying his hands on him said, Brother Saul, the Lord, even Jesus, who appeared unto thee in the way which thou camest, hath sent me, that thou mayest receive thy sight, and be filled with the Holy Spirit. "	1	filled	Et abiit Ananias, et introivit in domum: et imponens ei manus, dixit: Saule frater, Dominus misit me Jesus, qui apparuit tibi in via qua veniebas, ut videas, et implearis Spiritu Sancto.	implearis		implere	
Acts 19:29	And the city was filled with the confusion: and they rushed with one accord into the theatre, having seized Gaius and Aristarchus, men of Macedonia, Paul’s companions in travel. 	1	filled	Et impleta est civitas confusione, et impetum fecerunt uno animo in theatrum, rapto Gajo et Aristarcho Macedonibus, comitibus Pauli.	impleta		implere	civitas
John 16:28	I came out from the Father, and am come into the world: again, I leave the world, and go unto the Father. 	1	leave	Exivi a Patre et veni in mundum iterum relinquo mundum et vado ad Patrem.	relinquo		relinquere	mundus
Luke 10:40	"But Martha was cumbered about much serving; and she came up to him, and said, Lord, dost thou not care that my sister did leave me to serve alone? bid her therefore that she help me."	0	leave	Martha autem satagebat circa frequens ministerium: quae stetit, et ait: Domine, non est tibi curae quod soror mea reliquit me solam ministrare? dic ergo illi ut me adjuvet.	reliquit	soror	relinquere	ego
Matthew 11:4	And Jesus answered and said unto them, Go and tell John the things which ye hear and see. 	0	hear	Et respondens Jesus ait illis: Euntes renuntiate Joanni quae audistis, et vidistis.	audistis		audire	
John 5:25	Verily, verily, I say unto you, The hour cometh, and now is, when the dead shall hear the voice of the Son of God.	1	hear	Amen, amen dico vobis, quia venit hora, et nunc est, quando mortui audient vocem Filii Dei.	audient	mortuus	audire	vox
John 4:12	Art thou greater than our father Jacob, who gave us the well, and drank thereof himself, and his sons, and his cattle?	0	drank	Numquid tu major es patre nostro Jacob, qui dedit nobis puteum, et ipse ex eo bibit, et filii ejus, et pecora ejus?	bibit	Iacob	bibere	
John 4:13	"Jesus answered and said unto her, Every one that drinketh of this water shall thirst again: but whosoever drinketh of the water that I shall give him shall never thirst;"	1	drinketh	Respondit Jesus, et dixit ei: Omnis, qui bibit ex aqua hac, sitiet iterum: qui autem biberit ex aqua, quam ego dabo ei, non sitiet in æternum: 	biberit	omnis	bibere	
John 4:52	They said therefore unto him, Yesterday at the seventh hour the fever left him.	1	left	Et dixerunt ei : Quia heri hora septima reliquit eum febris. 	reliquit	febris	relinquere	is
Matthew 4:13	And leaving Nazareth, he came and dwelt in Capernaum, which is by the sea, in the borders of Zebulun and Naphtali.	0	leaving	"Et relicta civitate Nazareth venit et habitavit in Capharnaum maritimam in finibus Zabulon et Nepthalim"	relicta		relinquere	civitas
Matthew 5:24	Leave there thy gift before the altar, and go thy way, first be reconciled to thy brother, and then come and offer thy gift.	0	leave	Relinque ibi munus tuum ante altare, et vade prius reconciliari fratri tuo: et tunc veniens offeres munus tuum. 	relinque		relinquere	munus
Revelation 2:4	But I have this against thee, that thou didst leave thy first love.	1	leave	Sed habeo adversum te, quod caritatem tuam primam reliquisti.	reliquisti		relinquere	caritas
Matthew 5:6	Blessed are they that hunger and thirst after righteousness: for they shall be filled.	1	thirst	Beati qui esuriunt et sitiunt justitiam: quoniam ipsi saturabuntur.	sitiunt		sitire	iustitia
Romans 12:20	"But if thine enemy hunger, feed him; if he thirst, give him to drink: for in so doing thou shalt heap coals of fire upon his head. "	0	thirst	Sed si esurierit inimicus tuus, ciba illum : si sitit, potum da illi : hoc enim faciens, carbones ignis congeres super caput ejus. 	sitit	inimicus	sitire	
Romans 6:4	We were buried therefore with him through baptism into death: that like as Christ was raised from the dead through the glory of the Father, so we also might walk in newness of life.	1	raised	Consepulti enim sumus cum illo per baptismum in mortem: ut quomodo Christus surrexit a mortuis per gloriam Patris, ita et nos in novitate vitæ ambulemus. 	surrexit	Christus	surgere	
Acts 10:13	"And there came a voice to him, Rise, Peter; kill and eat."	0	rise	Et facta est vox ad eum: Surge, Petre: occide, et manduca.	surge		surgere	
Matthew 10:13	And if the house be worthy, let your peace come upon it: but if it be not worthy, let your peace return to you. 	1	return	 Et siquidem fuerit domus illa digna, veniet pax vestra super eam: si autem non fuerit digna, pax vestra revertetur ad vos.	revertetur	pax	reverti	
Acts 5:22	"But the officers that came found them not in the prison; and they returned, and told:"	0	returned	Cum autem venissent ministri, et aperto carcere non invenissent illos, reversi nuntiaverunt:	reversi	minister	reverti	
Luke 15:8	Or what woman having ten pieces of silver, if she lose one piece, doth not light a lamp, and sweep the house, and seek diligently until she find it? 	0	lose	Aut quae mulier habens drachmas decem, si perdiderit drachmam unam, nonne accendit lucernam, et everrit domum, et quaerit diligenter, donec inveniat?	perdiderit	mulier	perdere	drachma
Luke 9:24	"For whosoever would save his life shall lose it; but whosoever shall lose his life for my sake, the same shall save it. "	1	lose	Qui enim voluerit animam suam salvam facere, perdet illam: nam qui perdiderit animam suam propter me, salvam faciet illam.	predate		perdere	anima
Matthew 16:18	"And I also say unto thee, that thou art Peter, and upon this rock I will build my church; and the gates of Hades shall not prevail against it."	1	build	Et ego dico tibi, quia tu es Petrus, et super hanc petram aedificabo ecclesiam meam, et portæ inferi non praevalebunt adversus eam.	aedificabo		aedificare	ecclesia
Luke 11:48	"So ye are witnesses and consent unto the works of your fathers: for they killed them, and ye build their tombs."	0	build	Profecto testificamini quod consentitis operibus patrum vestrorum: quoniam ipsi quidem eos occiderunt, vos autem aedificatis eorum sepulchra.	aedificatis	vos	aedificare	sepulchrum
Matthew 18:3.	´and said, Verily I say unto you, Except ye turn, and become as little children, ye shall in no wise enter into the kingdom of heaven. 	1	enter	et dixit: Amen dico vobis, nisi conversi fueritis, et efficiamini sicut parvuli, non intrabitis in regnum caelorum.	intrabitis		intrare	
Lukas 6:6	And it came to pass on another sabbath, that he entered into the synagogue and taught: and there was a man there, and his right hand was withered.	0	entered	Factum est autem et in alio sabbato, ut intraret in synagogam, et doceret. Et erat ibi homo, et manus ejus dextra erat arida. 	intraret		intrare	
Mark 14:38	Watch and pray, that ye enter not into temptation: the spirit indeed is willing, but the flesh is weak.	1	enter	Vigilate, et orate ut non intretis in tentationem. Spiritus quidem promptus est, caro vero infirma. 	intretis		intrare	
Luke 1:40	and entered into the house of Zacharias and saluted Elisabeth. 	0	entered	 et intravit in domum Zachariae, et salutavit Elisabeth.	intravit		intrare	
Marc 14:24x	This is my blood of the covenant, which is poured out for many.	1	poured	Et ait illis: Hic est sanguis meus novi testamenti, qui pro multis effundetur.	effundetur		effundere	sanguis
Marc 14:3x	"And while he was in Bethany in the house of Simon the leper, as he sat at meat, there came a woman having an alabaster cruse of ointment of pure nard very costly; and she brake the cruse, and poured it over his head. "	0	poured	Et cum esset Bethaniae in domo Simonis leprosi, et recumberet, venit mulier habens alabastrum unguenti nardi spicati pretiosi: et fracto alabastro, effudit super caput ejus.	effudit	mulier	effundere	
Luke 7:9	And when Jesus heard these things, he marvelled at him, and turned and said unto the multitude that followed him, I say unto you, I have not found so great faith, no, not in Israel.	0	turned	Quo audito Jesus miratus est: et conversus sequentibus se turbis, dixit: Amen dico vobis, nec in Israel tantam fidem inveni.	conversus	Jesus	convertere	
Luke 1:16	"And many of the children of Israel shall he turn unto the Lord their God."	1	turn	Et multos filiorum Israel convertet ad Dominum Deum ipsorum.	convertet		convertere	multus
Marc 9:7	And there came a cloud overshadowing them: and there came a voice out of the cloud, This is my beloved Son: hear ye him. 	0	overshadowing	Et facta est nubes obumbrans eos: et venit vox de nube, dicens: Hic est Filius meus carissimus: audite illum.	obumbrans	nubes	obumbrare	is
Luke 1:35	"And the angel answered and said unto her, The Holy Spirit shall come upon thee, and the power of the Most High shall overshadow thee:"	1	overshadow	Et respondens angelus dixit ei: Spiritus Sanctus superveniet in te, et virtus Altissimi obumbrabit tibi.	obumbrabit	virtus	obumbrare	
John 11:9.	Jesus answered, Are there not twelve hours in the day? If a man walk in the day, he stumbleth not, because he seeth the light of this world. 	0	walk	Respondit Jesus: Nonne duodecim sunt horae diei? Si quis ambulaverit in die, non offendit, quia lucem hujus mundi videt:	ambulaverit		ambulare	
Acts 3:8	"And leaping up, he stood, and began to walk; and he entered with them into the temple, walking, and leaping, and praising God. "	0	walk	Et exiliens stetit, et ambulabat: et intravit cum illis in templum ambulans, et exiliens, et laudans Deum.	ambulabat		ambulare	
Acts 9:31	"So the church throughout all Judaea and Galilee and Samaria had peace, being edified; and, walking in the fear of the Lord and in the comfort of the Holy Spirit, was multiplied."	1	walking	Ecclesia quidem per totam Judaeam, et Galilaeam, et Samariam habebat pacem, et aedificabatur ambulans in timore Domini, et consolatione Sancti Spiritus replebatur.	ambulans	ecclesia	ambulare	
John 8:12	Again therefore Jesus spake unto them, saying, I am the light of the world: he that followeth me shall not walk in the darkness, but shall have the light of life.	1	walk	Iterum ergo locutus est eis Jesus, dicens: Ego sum lux mundi: qui sequitur me, non ambulat in tenebris, sed habebit lumen vitae.	ambulat		ambulare	
Romans 6:4	We were buried therefore with him through baptism into death: that like as Christ was raised from the dead through the glory of the Father, so we also might walk in newness of life.	1	walk	Consepulti enim sumus cum illo per baptismum in mortem: ut quomodo Christus surrexit a mortuis per gloriam Patris, ita et nos in novitate vitae ambulemus.	ambulemus	nos	ambulare	
3 John 4	Greater joy have I none than this, to hear of my children walking in the truth. 	1	walking	Majorem horum non habeo gratiam, quam ut audiam filios meos in veritate ambulare.	ambulare	filius	ambulare	
Revelation 9:20	"And the rest of mankind, who were not killed with these plagues, repented not of the works of their hands, that they should not worship demons, and the idols of gold, and of silver, and of brass, and of stone, and of wood; which can neither see, nor hear, nor walk: "	0	walk	Et ceteri homines, qui non sunt occisi in his plagis, neque poenitentiam egerunt de operibus manuum suarum, ut non adorarent daemonia, et simulacra aurea, et argentea, et aerea, et lapidea, et lignea, quae neque videre possunt, neque audire, neque ambulare,	ambulare	simulacrum	ambulare	
Revelation 16:15	15(Behold, I come as a thief. Blessed is he that watcheth, and keepeth his garments, lest he walk naked, and they see his shame.) 	0	walk	Ecce venio sicut fur. Beatus qui vigilat, et custodit vestimenta sua, ne nudus ambulet, et videant turpitudinem ejus.	ambulet		ambulare	
Luke 5:27	And after these things he went forth, and beheld a publican, named Levi, sitting at the place of toll, and said unto him, Follow me. 28And he forsook all, and rose up and followed him. 	1	followed	 Et post haec exiit, et vidit publicanum nomine Levi, sedentem ad telonium, et ait illi: Sequere me.	sequere		sequi	ego
John 11:31	The Jews then who were with her in the house, and were consoling her, when they saw Mary, that she rose up quickly and went out, followed her, supposing that she was going unto the tomb to weep there. 	0	followed	Judaei ergo, qui erant cum ea in domo, et consolabantur eam, cum vidissent Mariam quia cito surrexit, et exiit, secuti sunt eam dicentes: Quia vadit ad monumentum, ut ploret ibi.	secuti	Iudaeus	sequi	is
John 1:38	And Jesus turned, and beheld them following, and saith unto them, What seek ye? And they said unto him, Rabbi (which is to say, being interpreted, Teacher), where abidest thou? 	0	following	Conversus autem Jesus, et videns eos sequentes se, dicit eis: Quid quaeritis? Qui dixerunt ei: Rabbi (quod dicitur interpretatum Magister), ubi habitas?	sequentes	is	sequi	se
Luke 18:28	And Peter said, Lo, we have left our own, and followed thee. 	1	followed	Ait autem Petrus: Ecce nos dimisimus omnia et secuti sumus te.	secuti	nos	sequi	tu
Luke 8:25	And being afraid they marvelled, saying one to another, Who then is this, that he commandeth even the winds and the water, and they obey him?	1	obey	 Dixit autem illis: Ubi est fides vestra? Qui timentes, mirati sunt ad invicem, dicentes: Quis putas hic est, quia et ventis, et mari imperat, et obediunt ei?	obediunt	ventus	obedire	
Ephesians 6:1	Children, obey your parents in the Lord: for this is right. 	0	obey	Filii, obedite parentibus vestris in Domino: hoc enim justum est.	obedite		obedire	
Acts 3:3	who seeing Peter and John about to go into the temple, asked to receive an alms. 	0	receive	Is cum vidisset Petrum et Joannem incipientes introire in templum, rogabat ut eleemosynam acciperet.	acciperet		accipere	eleemosyna
Acts 2:38	"And Peter said unto them, Repent ye, and be baptized every one of you in the name of Jesus Christ unto the remission of your sins; and ye shall receive the gift of the Holy Spirit. "	1	receive	Petrus vero ad illos: Poenitentiam, inquit, agite, et baptizetur unusquisque vestrum in nomine Jesu Christi in remissionem peccatorum vestrorum: et accipietis donum Spiritus Sancti.	accipietis		accipere	donum
Acts 20:35	In all things I gave you an example, that so laboring ye ought to help the weak, and to remember the words of the Lord Jesus, that he himself said, It is more blessed to give than to receive. 	0	receive	Omnia ostendi vobis, quoniam sic laborantes, oportet suscipere infirmos ac meminisse verbi Domini Jesu: quoniam ipse dixit: Beatius est magis dare, quam accipere.	accipere		accipere	
Romans 1:5	"through whom we received grace and apostleship, unto obedience of faith among all the nations, for his name’s sake; "	1	received	per quem accepimus gratiam, et apostolatum ad obediendum fidei in omnibus gentibus pro nomine ejus,	accepimus		accipere	gratia
Luke 18:17	Verily I say unto you, Whosoever shall not receive the kingdom of God as a little child, he shall in no wise enter therein. 	1	receive	Amen dico vobis, quicumque non acceperit regnum Dei sicut puer, non intrabit in illud.	acceperit		accipere	regnum
John 6:21	They were willing therefore to receive him into the boat: and straightway the boat was at the land whither they were going. 	0	receive	Voluerunt ergo accipere eum in navim et statim navis fuit ad terram, in quam ibant.	accipere		accipere	is
Luke 13:29	And they shall come from the east and west, and from the north and south, and shall sit down in the kingdom of God.	1	sit	Et venient ab oriente, et occidente, et aquilone, et austro, et accumbent in regno Dei.	accumbent		accumbere	
Luke 7:49	And they that sat at meat with him began to say within themselves, Who is this that even forgiveth sins?	0	sat	Et cœperunt qui simul accumbebant, dicere intra se: Quis est hic, qui etiam peccata dimittit? 	accumbebant		accumbere	
John 6:53	53Jesus therefore said unto them, Verily, verily, I say unto you, Except ye eat the flesh of the Son of man and drink his blood, ye have not life in yourselves. 	1	eat	Dixit ergo eis Jesus: Amen, amen dico vobis: nisi manducaveritis carnem Filii hominis, et biberitis ejus sanguinem, non habebitis vitam in vobis.	manducaveritis		manducare	caro
Luke 10:8	And into whatsoever city ye enter, and they receive you, eat such things as are set before you: 	0	eat	Et in quamcumque civitatem intraveritis, et susceperint vos, manducate quae apponuntur vobis:	manducate		manducare	
Luke 8:55	And her spirit returned, and she rose up immediately: and he commanded that something be given her to eat.	0	eat	Et reversus est spiritus ejus, et surrexit continuo. Et jussit illi dari manducare.	manducare		manducare	
John 6:50	This is the bread which cometh down out of heaven, that a man may eat thereof, and not die. 	1	eat	Hic est panis de caelo descendens: ut si quis ex ipso manducaverit, non moriatur.	manducaverit		manducare	
John 12:46	I am come a light into the world, that whosoever believeth on me may not abide in the darkness.	1	abide	Ego lux in mundum veni, ut omnis qui credit in me, in tenebris non maneat.	maneat		manere	
Marc 6:10	And he said unto them, Wheresoever ye enter into a house, there abide till ye depart thence. 	0	abide	Et in quamcumque domum intraveritis, ibi manete, et inde ne exeatis.	manete		manere	
Mark 2:18	And John’s disciples and the Pharisees were fasting: and they come and say unto him, Why do John’s disciples and the disciples of the Pharisees fast, but thy disciples fast not? 	0	come	Et erant discipuli Joannis et pharisaei jejunantes: et veniunt, et dicunt illi: Quare discipuli Joannis et pharisaeorum jejunant, tui autem discipuli non jejunant?	veniunt		venire	
John 16:2	They shall put you out of the synagogues: yea, the hour cometh, that whosoever killeth you shall think that he offereth service unto God.	1	cometh	Absque synagogis facient vos: sed venit hora, ut omnis qui interficit vos arbitretur obsequium se praestare Deo.	venit	hora	venire	
Matthew 13:47-48	"Again, the kingdom of heaven is like unto a net, that was cast into the sea, and gathered of every kind: which, when it was filled, they drew up on the beach; and they sat down, and gathered the good into vessels, but the bad they cast away."	0	filled	Iterum simile est regnum caelorum sagenae missae in mare, et ex omni genere piscium congreganti, Quam, cum impleta esset, educentes, et secus littus sedentes, elegerunt bonos in vasa, malos autem foras miserunt.	impleta		implere	sagena
Acts 4:8x	Then Peter, filled with the Holy Spirit, said unto them, Ye rulers of the people, and elders, 	1	filled	Tunc repletus Spiritu Sancto Petrus, dixit ad eos: Principes populi, et seniores, audite:	repletus		replere	Petrus
John 2:7x	Jesus saith unto them, Fill the waterpots with water. And they filled them up to the brim. 	0	fill	Dicit eis Jesus: Implete hydrias aqua. Et impleverunt eas usque ad summum.	implete		implere	hydria
Revelations 15:8	"And the temple was filled with smoke from the glory of God, and from his power; and none was able to enter into the temple, till the seven plagues of the seven angels should be finished. "	1	filled	Et impletum est templum fumo a majestate Dei, et de virtute ejus: et nemo poterat introire in templum, donec consummarentur septem plagae septem angelorum.	impletum		implere	templum
Acts 14:27	And when they were come, and had gathered the church together, they rehearsed all things that God had done with them, and that he had opened a door of faith unto the Gentiles. 	1	opened	Cum autem venissent, et congregassent ecclesiam, retulerunt quanta fecisset Deus cum illis, et quia aperuisset gentibus ostium fidei.	aperuisset	deus	aperire	ostium
Acts 16:26	26and suddenly there was a great earthquake, so that the foundations of the prison-house were shaken: and immediately all the doors were opened: and every one’s bands were loosed. 	0	opened	Subito vero terraemotus factus est magnus, ita ut moverentur fundamenta carceris. Et statim aperta sunt omnia ostia: et universorum vincula soluta sunt.	aperta		aperire	ostium
Acts 8:15	who, when they were come down, prayed for them, that they might receive the Holy Spirit.	1	receive	Qui cum venissent, oraverunt pro ipsis ut acciperent Spiritum Sanctum:	acciperent		accipere	spiritus
Matthew 17:24	And when they were come to Capernaum, they that received the half-shekel came to Peter, and said, Doth not your teacher pay the half-shekel? 	0	received	Et cum venissent Capharnaum, accesserunt qui didrachma accipiebant ad Petrum, et dixerunt ei: Magister vester non solvit didrachma?	accipiebant		accipere	didrachma
Acts 19:20	So mightily grew the word of the Lord and prevailed. 	1	grew	 Ita fortiter crescebat verbum Dei, et confirmabatur.	crescebat	verbum	crescere	
Luke 2:40	And the child grew, and waxed strong, filled with wisdom: and the grace of God was upon him. 	0	grew	Puer autem crescebat, et confortabatur plenus sapientia: et gratia Dei erat in illo.	crescebat	puer	crescere	
Acts 28:8	And it was so, that the father of Publius lay sick of fever and dysentery: unto whom Paul entered in, and prayed, and laying his hands on him healed him. 	0	entered	Contigit autem patrem Publii febribus et dysenteria vexatum jacere. Ad quem Paulus intravit: et cum orasset, et imposuisset ei manus, salvavit eum.	intravit	Paulus	intrare	
Romans 5:12	"Therefore, as through one man sin entered into the world, and death through sin; and so death passed unto all men, for that all sinned."	1	entered	Propterea sicut per unum hominem peccatum in hunc mundum intravit, et per peccatum mors, et ita in omnes homines mors pertransiit, in quo omnes peccaverunt.	intravit	peccatum	intrare	
Romans 5:21	21that, as sin reigned in death, even so might grace reign through righteousness unto eternal life through Jesus Christ our Lord.	1	reigned	ut sicut regnavit peccatum in mortem: ita et gratia regnet per justitiam in vitam aeternam, per Jesum Christum Dominum nostrum.	regnet	peccatum	regnare	
Luke 19:14	But his citizens hated him, and sent an ambassage after him, saying, We will not that this man reign over us.	0	reign	Cives autem ejus oderant eum: et miserunt legationem post illum, dicentes: Nolumus hunc regnare super nos.	regnare	hic	regnare	
Matthew 10:28	And be not afraid of them that kill the body, but are not able to kill the soul: but rather fear him who is able to destroy both soul and body in hell. 	1	kill	Et nolite timere eos qui occidunt corpus, animam autem non possunt occidere: sed potius timete eum, qui potest et animam et corpus perdere in gehennam.	occidere		occidere	anima
Luke 15:27	"27And he said unto him, Thy brother is come; and thy father hath killed the fatted calf, because he hath received him safe and sound."	0	killed	Isque dixit illi: Frater tuus venit, et occidit pater tuus vitulum saginatum, quia salvum illum recepit.	occidit	pater	occidere	vitulus
2 Corinthians 3:6	"6who also made us sufficient as ministers of a new covenant; not of the letter, but of the spirit: for the letter killeth, but the spirit giveth life."	1	killeth	qui et idoneos nos fecit ministros novi testamenti: non littera, sed Spiritu: littera enim occidit, Spiritus autem vivificat.	occidit	littera	occidere	
Luke 20:14	"But when the husbandmen saw him, they reasoned one with another, saying, This is the heir; let us kill him, that the inheritance may be ours. "	0	kill	Quem cum vidissent coloni, cogitaverunt intra se, dicentes: Hic est haeres, occidamus illum, ut nostra fiat haereditas.	occidamus		occidere	
Mark 4:4	and it came to pass, as he sowed, some seed fell by the way side, and the birds came and devoured it. 	0	devoured	"Et dum seminat, aliud cecidit circa viam, et venerunt volucres caeli, et comederunt illud."	comederunt	volucer	comedere	
Galatians 5:15	But if ye bite and devour one another, take heed that ye be not consumed one of another. 	1	devour	Quod si invicem mordetis, et comeditis: videte ne ab invicem consumamini.	comeditis		comedere	
Colossians 3:16	"Let the word of Christ dwell in you richly; in all wisdom teaching and admonishing one another with psalms and hymns and spiritual songs, singing with grace in your hearts unto God."	1	dwell	Verbum Christi habitet in vobis abundanter, in omni sapientia, docentes, et commonentes vosmetipsos, psalmis, hymnis, et canticis spiritualibus, in gratia cantantes in cordibus vestris Deo.	habitet	verbum	habitare	
Luke 13:4	Or those eighteen, upon whom the tower in Siloam fell, and killed them, think ye that they were offenders above all the men that dwell in Jerusalem? 	0	dwell	Sicut illi decem et octo, supra quos cecidit turris in Siloe, et occidit eos: putatis quia et ipsi debitores fuerint praeter omnes homines habitantes in Jerusalem?	habitantes	homo	habitare	
Acts 2:5	"Now there were dwelling at Jerusalem Jews, devout men, from every nation under heaven."	0	dwelling	 Erant autem in Jerusalem habitantes Judaei, viri religiosi ex omni natione quae sub caelo est.	habitantes	Iudaeus	habitare	
James 4:5	Or think ye that the scripture speaketh in vain? Doth the spirit which he made to dwell in us long unto envying? 	1	dwell	An putatis quia inaniter Scriptura dicat: Ad invidiam concupiscit spiritus qui habitat in vobis?	habitat	spiritus	habitare	
1 Timothy 6:16	"who only hath immortality, dwelling in light unapproachable; whom no man hath seen, nor can see: to whom be honor and power eternal. Amen. "	1	dwelling	qui solus habet immortalitatem, et lucem inhabitat inaccessibilem: quem nullus hominum vidit, sed nec videre potest: cui honor, et imperium sempiternum. Amen.	inhabitat		inhabitare	lux
2 Peter 2:8	(for that righteous man dwelling among them, in seeing and hearing, vexed his righteous soul from day to day with their lawless deeds): 	0	dwelling	aspectu enim, et auditu justus erat: habitans apud eos, qui de die in diem animam justam iniquis operibus cruciabant.	habitans		habitare	
Luke 17:28	"Likewise even as it came to pass in the days of Lot; they ate, they drank, they bought, they sold, they planted, they builded; "	0	builded	Similiter sicut factum est in diebus Lot: edebant et bibebant, emebant et vendebant, plantabant et aedificabant:	aedificabant		aedificare	
1 Thessalonians 5:11	"Wherefore exhort one another, and build each other up, even as also ye do."	1	build	Propter quod consolamini invicem, et aedificate alterutrum, sicut et facitis.	aedificate		aedificare	
Matthew 7:23	And then will I profess unto them, I never knew you: depart from me, ye that work iniquity.	0	depart	Et tunc confitebor illis: Quia numquam novi vos: discedite a me, qui operamini iniquitatem.	discedite		discedere	
2 Timothy 2:19	Howbeit the firm foundation of God standeth, having this seal, The Lord knoweth them that are his: and, Let every one that nameth the name of the Lord depart from unrighteousness.	1	depart	Sed firmum fundamentum Dei stat, habens signaculum hoc: cognovit Dominus qui sunt ejus, et discedat ab iniquitate omnis qui nominat nomen Domini.	discedat		discedere	
James 3:7	For every kind of beasts and birds, of creeping things and things in the sea, is tamed, and hath been tamed by mankind	0	tamed	Omnis enim natura bestiarum, et volucrum, et serpentium, et ceterorum domantur, et domita sunt a natura humana:	domantur		domare	natura
James 3:8	"but the tongue can no man tame; it is a restless evil, it is full of deadly poison."	1	tame	linguam autem nullus hominum domare potest: inquietum malum, plena veneno mortifero.	domare	nullus	domare	lingua
Romans 6:4	We were buried therefore with him through baptism into death: that like as Christ was raised from the dead through the glory of the Father, so we also might walk in newness of life. 	1	buried	Consepulti enim sumus cum illo per baptismum in mortem: ut quomodo Christus surrexit a mortuis per gloriam Patris, ita et nos in novitate vitae ambulemus.	consepulti		consepelire	
John 19:40	So they took the body of Jesus, and bound it in linen cloths with the spices, as the custom of the Jews is to bury.	0	bury	Acceperunt ergo corpus Jesu, et ligaverunt illud linteis cum aromatibus, sicut mos est Judaeis sepelire.	sepelire		sepelire	