	sentence	masked_sen	label	subject	verb	object
0	Currens autem unus, et implens spongiam aceto, circumponensque calamo, potum dabat ei, dicens: Sinite, videamus si veniat Elias ad deponendum eum.	Currens autem unus , et [MASK] spongiam aceto , circumponensque calamo , potum dabat ei , dicens : Sinite , videamus si veniat Elias ad deponendum eum .	0	unus	implere	spongia
1	Et venerunt, et impleverunt ambas naviculas, ita ut pene mergerentur. 	Et venerunt , et [MASK] ambas naviculas , ita ut pene mergerentur .	0		implere	navicula
2	Collegerunt ergo, et impleverunt duodecim cophinos fragmentorum ex quinque panibus hordeaceis, quae superfuerunt his qui manducaverant.	Collegerunt ergo , et [MASK] duodecim cophinos fragmentorum ex quinque panibus hordeaceis , quae superfuerunt his qui manducaverant .	0		implere	cophinus
3	Cognoscebant autem illum, quod ipse erat qui ad eleemosynam sedebat ad Speciosam portam templi: et impleti sunt stupore et extasi in eo quod contigerat illi.	Cognoscebant autem illum , quod ipse erat qui ad eleemosynam sedebat ad Speciosam portam templi : et [MASK] sunt stupore et extasi in eo quod contigerat illi .	1		implere	
4	Et abiit Ananias, et introivit in domum: et imponens ei manus, dixit: Saule frater, Dominus misit me Jesus, qui apparuit tibi in via qua veniebas, ut videas, et implearis Spiritu Sancto.	Et abiit Ananias , et introivit in domum : et imponens ei manus , dixit : Saule frater , Dominus misit me Jesus , qui apparuit tibi in via qua veniebas , ut videas , et [MASK] Spiritu Sancto .	1		implere	
5	Et impleta est civitas confusione, et impetum fecerunt uno animo in theatrum, rapto Gajo et Aristarcho Macedonibus, comitibus Pauli.	Et [MASK] est civitas confusione , et impetum fecerunt uno animo in theatrum , rapto Gajo et Aristarcho Macedonibus , comitibus Pauli .	1		implere	civitas
6	Exivi a Patre et veni in mundum iterum relinquo mundum et vado ad Patrem.	Exivi a Patre et veni in mundum iterum [MASK] mundum et vado ad Patrem .	1		relinquere	mundus
7	Martha autem satagebat circa frequens ministerium: quae stetit, et ait: Domine, non est tibi curae quod soror mea reliquit me solam ministrare? dic ergo illi ut me adjuvet.	Martha autem satagebat circa frequens ministerium : quae stetit , et ait : Domine , non est tibi curae quod soror mea [MASK] me solam ministrare ? dic ergo illi ut me adjuvet .	0	soror	relinquere	ego
8	Et respondens Jesus ait illis: Euntes renuntiate Joanni quae audistis, et vidistis.	Et respondens Jesus ait illis : Euntes renuntiate Joanni quae [MASK] , et vidistis .	0		audire	
9	Amen, amen dico vobis, quia venit hora, et nunc est, quando mortui audient vocem Filii Dei.	Amen , amen dico vobis , quia venit hora , et nunc est , quando mortui [MASK] vocem Filii Dei .	1	mortuus	audire	vox
10	Numquid tu major es patre nostro Jacob, qui dedit nobis puteum, et ipse ex eo bibit, et filii ejus, et pecora ejus?	Numquid tu major es patre nostro Jacob , qui dedit nobis puteum , et ipse ex eo [MASK] , et filii ejus , et pecora ejus ?	0	Iacob	bibere	
11	Respondit Jesus, et dixit ei: Omnis, qui bibit ex aqua hac, sitiet iterum: qui autem biberit ex aqua, quam ego dabo ei, non sitiet in æternum: 	Respondit Jesus , et dixit ei : Omnis , qui bibit ex aqua hac , sitiet iterum : qui autem [MASK] ex aqua , quam ego dabo ei , non sitiet in æternum :	1	omnis	bibere	
12	Et dixerunt ei : Quia heri hora septima reliquit eum febris. 	Et dixerunt ei : Quia heri hora septima [MASK] eum febris .	1	febris	relinquere	is
13	"""Et relicta civitate Nazareth venit et habitavit in Capharnaum maritimam in finibus Zabulon et Nepthalim"""	`` Et [MASK] civitate Nazareth venit et habitavit in Capharnaum maritimam in finibus Zabulon et Nepthalim ''	0		relinquere	civitas
14	Relinque ibi munus tuum ante altare, et vade prius reconciliari fratri tuo: et tunc veniens offeres munus tuum. 	[MASK] ibi munus tuum ante altare , et vade prius reconciliari fratri tuo : et tunc veniens offeres munus tuum .	0		relinquere	munus
15	Sed habeo adversum te, quod caritatem tuam primam reliquisti.	Sed habeo adversum te , quod caritatem tuam primam [MASK] .	1		relinquere	caritas
16	Beati qui esuriunt et sitiunt justitiam: quoniam ipsi saturabuntur.	Beati qui esuriunt et [MASK] justitiam : quoniam ipsi saturabuntur .	1		sitire	iustitia
17	Sed si esurierit inimicus tuus, ciba illum : si sitit, potum da illi : hoc enim faciens, carbones ignis congeres super caput ejus. 	Sed si esurierit inimicus tuus , ciba illum : si [MASK] , potum da illi : hoc enim faciens , carbones ignis congeres super caput ejus .	0	inimicus	sitire	
18	Consepulti enim sumus cum illo per baptismum in mortem: ut quomodo Christus surrexit a mortuis per gloriam Patris, ita et nos in novitate vitæ ambulemus. 	Consepulti enim sumus cum illo per baptismum in mortem : ut quomodo Christus [MASK] a mortuis per gloriam Patris , ita et nos in novitate vitæ ambulemus .	1	Christus	surgere	
19	Et facta est vox ad eum: Surge, Petre: occide, et manduca.	Et facta est vox ad eum : [MASK] , Petre : occide , et manduca .	0		surgere	
20	 Et siquidem fuerit domus illa digna, veniet pax vestra super eam: si autem non fuerit digna, pax vestra revertetur ad vos.	Et siquidem fuerit domus illa digna , veniet pax vestra super eam : si autem non fuerit digna , pax vestra [MASK] ad vos .	1	pax	reverti	
21	Cum autem venissent ministri, et aperto carcere non invenissent illos, reversi nuntiaverunt:	Cum autem venissent ministri , et aperto carcere non invenissent illos , [MASK] nuntiaverunt :	0	minister	reverti	
22	Aut quae mulier habens drachmas decem, si perdiderit drachmam unam, nonne accendit lucernam, et everrit domum, et quaerit diligenter, donec inveniat?	Aut quae mulier habens drachmas decem , si [MASK] drachmam unam , nonne accendit lucernam , et everrit domum , et quaerit diligenter , donec inveniat ?	0	mulier	perdere	drachma
23	Qui enim voluerit animam suam salvam facere, perdet illam: nam qui perdiderit animam suam propter me, salvam faciet illam.	Qui enim voluerit animam suam salvam facere , perdet illam : nam qui perdiderit animam suam propter me , salvam faciet illam .	1		perdere	anima
24	Et ego dico tibi, quia tu es Petrus, et super hanc petram aedificabo ecclesiam meam, et portæ inferi non praevalebunt adversus eam.	Et ego dico tibi , quia tu es Petrus , et super hanc petram [MASK] ecclesiam meam , et portæ inferi non praevalebunt adversus eam .	1		aedificare	ecclesia
25	Profecto testificamini quod consentitis operibus patrum vestrorum: quoniam ipsi quidem eos occiderunt, vos autem aedificatis eorum sepulchra.	Profecto testificamini quod consentitis operibus patrum vestrorum : quoniam ipsi quidem eos occiderunt , vos autem [MASK] eorum sepulchra .	0	vos	aedificare	sepulchrum
26	et dixit: Amen dico vobis, nisi conversi fueritis, et efficiamini sicut parvuli, non intrabitis in regnum caelorum.	et dixit : Amen dico vobis , nisi conversi fueritis , et efficiamini sicut parvuli , non [MASK] in regnum caelorum .	1		intrare	
27	Factum est autem et in alio sabbato, ut intraret in synagogam, et doceret. Et erat ibi homo, et manus ejus dextra erat arida. 	Factum est autem et in alio sabbato , ut [MASK] in synagogam , et doceret . Et erat ibi homo , et manus ejus dextra erat arida .	0		intrare	
28	Vigilate, et orate ut non intretis in tentationem. Spiritus quidem promptus est, caro vero infirma. 	Vigilate , et orate ut non [MASK] in tentationem . Spiritus quidem promptus est , caro vero infirma .	1		intrare	
29	 et intravit in domum Zachariae, et salutavit Elisabeth.	et [MASK] in domum Zachariae , et salutavit Elisabeth .	0		intrare	
30	Et ait illis: Hic est sanguis meus novi testamenti, qui pro multis effundetur.	Et ait illis : Hic est sanguis meus novi testamenti , qui pro multis [MASK] .	1		effundere	sanguis
31	Et cum esset Bethaniae in domo Simonis leprosi, et recumberet, venit mulier habens alabastrum unguenti nardi spicati pretiosi: et fracto alabastro, effudit super caput ejus.	Et cum esset Bethaniae in domo Simonis leprosi , et recumberet , venit mulier habens alabastrum unguenti nardi spicati pretiosi : et fracto alabastro , [MASK] super caput ejus .	0	mulier	effundere	
32	Quo audito Jesus miratus est: et conversus sequentibus se turbis, dixit: Amen dico vobis, nec in Israel tantam fidem inveni.	Quo audito Jesus miratus est : et [MASK] sequentibus se turbis , dixit : Amen dico vobis , nec in Israel tantam fidem inveni .	0	Jesus	convertere	
33	Et multos filiorum Israel convertet ad Dominum Deum ipsorum.	Et multos filiorum Israel [MASK] ad Dominum Deum ipsorum .	1		convertere	multus
34	Et facta est nubes obumbrans eos: et venit vox de nube, dicens: Hic est Filius meus carissimus: audite illum.	Et facta est nubes [MASK] eos : et venit vox de nube , dicens : Hic est Filius meus carissimus : audite illum .	0	nubes	obumbrare	is
35	Et respondens angelus dixit ei: Spiritus Sanctus superveniet in te, et virtus Altissimi obumbrabit tibi.	Et respondens angelus dixit ei : Spiritus Sanctus superveniet in te , et virtus Altissimi [MASK] tibi .	1	virtus	obumbrare	
36	Respondit Jesus: Nonne duodecim sunt horae diei? Si quis ambulaverit in die, non offendit, quia lucem hujus mundi videt:	Respondit Jesus : Nonne duodecim sunt horae diei ? Si quis [MASK] in die , non offendit , quia lucem hujus mundi videt :	0		ambulare	
37	Et exiliens stetit, et ambulabat: et intravit cum illis in templum ambulans, et exiliens, et laudans Deum.	Et exiliens stetit , et [MASK] : et intravit cum illis in templum ambulans , et exiliens , et laudans Deum .	0		ambulare	
38	Ecclesia quidem per totam Judaeam, et Galilaeam, et Samariam habebat pacem, et aedificabatur ambulans in timore Domini, et consolatione Sancti Spiritus replebatur.	Ecclesia quidem per totam Judaeam , et Galilaeam , et Samariam habebat pacem , et aedificabatur [MASK] in timore Domini , et consolatione Sancti Spiritus replebatur .	1	ecclesia	ambulare	
39	Iterum ergo locutus est eis Jesus, dicens: Ego sum lux mundi: qui sequitur me, non ambulat in tenebris, sed habebit lumen vitae.	Iterum ergo locutus est eis Jesus , dicens : Ego sum lux mundi : qui sequitur me , non [MASK] in tenebris , sed habebit lumen vitae .	1		ambulare	
40	Consepulti enim sumus cum illo per baptismum in mortem: ut quomodo Christus surrexit a mortuis per gloriam Patris, ita et nos in novitate vitae ambulemus.	Consepulti enim sumus cum illo per baptismum in mortem : ut quomodo Christus surrexit a mortuis per gloriam Patris , ita et nos in novitate vitae [MASK] .	1	nos	ambulare	
41	Majorem horum non habeo gratiam, quam ut audiam filios meos in veritate ambulare.	Majorem horum non habeo gratiam , quam ut audiam filios meos in veritate [MASK] .	1	filius	ambulare	
42	Et ceteri homines, qui non sunt occisi in his plagis, neque poenitentiam egerunt de operibus manuum suarum, ut non adorarent daemonia, et simulacra aurea, et argentea, et aerea, et lapidea, et lignea, quae neque videre possunt, neque audire, neque ambulare,	Et ceteri homines , qui non sunt occisi in his plagis , neque poenitentiam egerunt de operibus manuum suarum , ut non adorarent daemonia , et simulacra aurea , et argentea , et aerea , et lapidea , et lignea , quae neque videre possunt , neque audire , neque [MASK] ,	0	simulacrum	ambulare	
43	Ecce venio sicut fur. Beatus qui vigilat, et custodit vestimenta sua, ne nudus ambulet, et videant turpitudinem ejus.	Ecce venio sicut fur . Beatus qui vigilat , et custodit vestimenta sua , ne nudus [MASK] , et videant turpitudinem ejus .	0		ambulare	
44	 Et post haec exiit, et vidit publicanum nomine Levi, sedentem ad telonium, et ait illi: Sequere me.	Et post haec exiit , et vidit publicanum nomine Levi , sedentem ad telonium , et ait illi : [MASK] me .	1		sequi	ego
45	Judaei ergo, qui erant cum ea in domo, et consolabantur eam, cum vidissent Mariam quia cito surrexit, et exiit, secuti sunt eam dicentes: Quia vadit ad monumentum, ut ploret ibi.	Judaei ergo , qui erant cum ea in domo , et consolabantur eam , cum vidissent Mariam quia cito surrexit , et exiit , [MASK] sunt eam dicentes : Quia vadit ad monumentum , ut ploret ibi .	0	Iudaeus	sequi	is
46	Conversus autem Jesus, et videns eos sequentes se, dicit eis: Quid quaeritis? Qui dixerunt ei: Rabbi (quod dicitur interpretatum Magister), ubi habitas?	Conversus autem Jesus , et videns eos [MASK] se , dicit eis : Quid quaeritis ? Qui dixerunt ei : Rabbi ( quod dicitur interpretatum Magister ) , ubi habitas ?	0	is	sequi	se
47	Ait autem Petrus: Ecce nos dimisimus omnia et secuti sumus te.	Ait autem Petrus : Ecce nos dimisimus omnia et [MASK] sumus te .	1	nos	sequi	tu
48	 Dixit autem illis: Ubi est fides vestra? Qui timentes, mirati sunt ad invicem, dicentes: Quis putas hic est, quia et ventis, et mari imperat, et obediunt ei?	Dixit autem illis : Ubi est fides vestra ? Qui timentes , mirati sunt ad invicem , dicentes : Quis putas hic est , quia et ventis , et mari imperat , et [MASK] ei ?	1	ventus	obedire	
49	Filii, obedite parentibus vestris in Domino: hoc enim justum est.	Filii , [MASK] parentibus vestris in Domino : hoc enim justum est .	0		obedire	
50	Is cum vidisset Petrum et Joannem incipientes introire in templum, rogabat ut eleemosynam acciperet.	Is cum vidisset Petrum et Joannem incipientes introire in templum , rogabat ut eleemosynam [MASK] .	0		accipere	eleemosyna
51	Petrus vero ad illos: Poenitentiam, inquit, agite, et baptizetur unusquisque vestrum in nomine Jesu Christi in remissionem peccatorum vestrorum: et accipietis donum Spiritus Sancti.	Petrus vero ad illos : Poenitentiam , inquit , agite , et baptizetur unusquisque vestrum in nomine Jesu Christi in remissionem peccatorum vestrorum : et [MASK] donum Spiritus Sancti .	1		accipere	donum
52	Omnia ostendi vobis, quoniam sic laborantes, oportet suscipere infirmos ac meminisse verbi Domini Jesu: quoniam ipse dixit: Beatius est magis dare, quam accipere.	Omnia ostendi vobis , quoniam sic laborantes , oportet suscipere infirmos ac meminisse verbi Domini Jesu : quoniam ipse dixit : Beatius est magis dare , quam [MASK] .	0		accipere	
53	per quem accepimus gratiam, et apostolatum ad obediendum fidei in omnibus gentibus pro nomine ejus,	per quem [MASK] gratiam , et apostolatum ad obediendum fidei in omnibus gentibus pro nomine ejus ,	1		accipere	gratia
54	Amen dico vobis, quicumque non acceperit regnum Dei sicut puer, non intrabit in illud.	Amen dico vobis , quicumque non [MASK] regnum Dei sicut puer , non intrabit in illud .	1		accipere	regnum
55	Voluerunt ergo accipere eum in navim et statim navis fuit ad terram, in quam ibant.	Voluerunt ergo [MASK] eum in navim et statim navis fuit ad terram , in quam ibant .	0		accipere	is
56	Et venient ab oriente, et occidente, et aquilone, et austro, et accumbent in regno Dei.	Et venient ab oriente , et occidente , et aquilone , et austro , et [MASK] in regno Dei .	1		accumbere	
57	Et cœperunt qui simul accumbebant, dicere intra se: Quis est hic, qui etiam peccata dimittit? 	Et cœperunt qui simul [MASK] , dicere intra se : Quis est hic , qui etiam peccata dimittit ?	0		accumbere	
58	Dixit ergo eis Jesus: Amen, amen dico vobis: nisi manducaveritis carnem Filii hominis, et biberitis ejus sanguinem, non habebitis vitam in vobis.	Dixit ergo eis Jesus : Amen , amen dico vobis : nisi [MASK] carnem Filii hominis , et biberitis ejus sanguinem , non habebitis vitam in vobis .	1		manducare	caro
59	Et in quamcumque civitatem intraveritis, et susceperint vos, manducate quae apponuntur vobis:	Et in quamcumque civitatem intraveritis , et susceperint vos , [MASK] quae apponuntur vobis :	0		manducare	
60	Et reversus est spiritus ejus, et surrexit continuo. Et jussit illi dari manducare.	Et reversus est spiritus ejus , et surrexit continuo . Et jussit illi dari [MASK] .	0		manducare	
61	Hic est panis de caelo descendens: ut si quis ex ipso manducaverit, non moriatur.	Hic est panis de caelo descendens : ut si quis ex ipso [MASK] , non moriatur .	1		manducare	
62	Ego lux in mundum veni, ut omnis qui credit in me, in tenebris non maneat.	Ego lux in mundum veni , ut omnis qui credit in me , in tenebris non [MASK] .	1		manere	
63	Et in quamcumque domum intraveritis, ibi manete, et inde ne exeatis.	Et in quamcumque domum intraveritis , ibi [MASK] , et inde ne exeatis .	0		manere	
64	Et erant discipuli Joannis et pharisaei jejunantes: et veniunt, et dicunt illi: Quare discipuli Joannis et pharisaeorum jejunant, tui autem discipuli non jejunant?	Et erant discipuli Joannis et pharisaei jejunantes : et [MASK] , et dicunt illi : Quare discipuli Joannis et pharisaeorum jejunant , tui autem discipuli non jejunant ?	0		venire	
65	Absque synagogis facient vos: sed venit hora, ut omnis qui interficit vos arbitretur obsequium se praestare Deo.	Absque synagogis facient vos : sed [MASK] hora , ut omnis qui interficit vos arbitretur obsequium se praestare Deo .	1	hora	venire	
66	Iterum simile est regnum caelorum sagenae missae in mare, et ex omni genere piscium congreganti, Quam, cum impleta esset, educentes, et secus littus sedentes, elegerunt bonos in vasa, malos autem foras miserunt.	Iterum simile est regnum caelorum sagenae missae in mare , et ex omni genere piscium congreganti , Quam , cum [MASK] esset , educentes , et secus littus sedentes , elegerunt bonos in vasa , malos autem foras miserunt .	0		implere	sagena
67	Tunc repletus Spiritu Sancto Petrus, dixit ad eos: Principes populi, et seniores, audite:	Tunc [MASK] Spiritu Sancto Petrus , dixit ad eos : Principes populi , et seniores , audite :	1		replere	Petrus
68	Dicit eis Jesus: Implete hydrias aqua. Et impleverunt eas usque ad summum.	Dicit eis Jesus : [MASK] hydrias aqua . Et impleverunt eas usque ad summum .	0		implere	hydria
69	Et impletum est templum fumo a majestate Dei, et de virtute ejus: et nemo poterat introire in templum, donec consummarentur septem plagae septem angelorum.	Et [MASK] est templum fumo a majestate Dei , et de virtute ejus : et nemo poterat introire in templum , donec consummarentur septem plagae septem angelorum .	1		implere	templum
70	Cum autem venissent, et congregassent ecclesiam, retulerunt quanta fecisset Deus cum illis, et quia aperuisset gentibus ostium fidei.	Cum autem venissent , et congregassent ecclesiam , retulerunt quanta fecisset Deus cum illis , et quia [MASK] gentibus ostium fidei .	1	deus	aperire	ostium
71	Subito vero terraemotus factus est magnus, ita ut moverentur fundamenta carceris. Et statim aperta sunt omnia ostia: et universorum vincula soluta sunt.	Subito vero terraemotus factus est magnus , ita ut moverentur fundamenta carceris . Et statim [MASK] sunt omnia ostia : et universorum vincula soluta sunt .	0		aperire	ostium
72	Qui cum venissent, oraverunt pro ipsis ut acciperent Spiritum Sanctum:	Qui cum venissent , oraverunt pro ipsis ut [MASK] Spiritum Sanctum :	1		accipere	spiritus
73	Et cum venissent Capharnaum, accesserunt qui didrachma accipiebant ad Petrum, et dixerunt ei: Magister vester non solvit didrachma?	Et cum venissent Capharnaum , accesserunt qui didrachma [MASK] ad Petrum , et dixerunt ei : Magister vester non solvit didrachma ?	0		accipere	didrachma
74	 Ita fortiter crescebat verbum Dei, et confirmabatur.	Ita fortiter [MASK] verbum Dei , et confirmabatur .	1	verbum	crescere	
75	Puer autem crescebat, et confortabatur plenus sapientia: et gratia Dei erat in illo.	Puer autem [MASK] , et confortabatur plenus sapientia : et gratia Dei erat in illo .	0	puer	crescere	
76	Contigit autem patrem Publii febribus et dysenteria vexatum jacere. Ad quem Paulus intravit: et cum orasset, et imposuisset ei manus, salvavit eum.	Contigit autem patrem Publii febribus et dysenteria vexatum jacere . Ad quem Paulus [MASK] : et cum orasset , et imposuisset ei manus , salvavit eum .	0	Paulus	intrare	
77	Propterea sicut per unum hominem peccatum in hunc mundum intravit, et per peccatum mors, et ita in omnes homines mors pertransiit, in quo omnes peccaverunt.	Propterea sicut per unum hominem peccatum in hunc mundum [MASK] , et per peccatum mors , et ita in omnes homines mors pertransiit , in quo omnes peccaverunt .	1	peccatum	intrare	
78	ut sicut regnavit peccatum in mortem: ita et gratia regnet per justitiam in vitam aeternam, per Jesum Christum Dominum nostrum.	ut sicut regnavit peccatum in mortem : ita et gratia [MASK] per justitiam in vitam aeternam , per Jesum Christum Dominum nostrum .	1	peccatum	regnare	
79	Cives autem ejus oderant eum: et miserunt legationem post illum, dicentes: Nolumus hunc regnare super nos.	Cives autem ejus oderant eum : et miserunt legationem post illum , dicentes : Nolumus hunc [MASK] super nos .	0	hic	regnare	
80	Et nolite timere eos qui occidunt corpus, animam autem non possunt occidere: sed potius timete eum, qui potest et animam et corpus perdere in gehennam.	Et nolite timere eos qui occidunt corpus , animam autem non possunt [MASK] : sed potius timete eum , qui potest et animam et corpus perdere in gehennam .	1		occidere	anima
81	Isque dixit illi: Frater tuus venit, et occidit pater tuus vitulum saginatum, quia salvum illum recepit.	Isque dixit illi : Frater tuus venit , et [MASK] pater tuus vitulum saginatum , quia salvum illum recepit .	0	pater	occidere	vitulus
82	qui et idoneos nos fecit ministros novi testamenti: non littera, sed Spiritu: littera enim occidit, Spiritus autem vivificat.	qui et idoneos nos fecit ministros novi testamenti : non littera , sed Spiritu : littera enim [MASK] , Spiritus autem vivificat .	1	littera	occidere	
83	Quem cum vidissent coloni, cogitaverunt intra se, dicentes: Hic est haeres, occidamus illum, ut nostra fiat haereditas.	Quem cum vidissent coloni , cogitaverunt intra se , dicentes : Hic est haeres , [MASK] illum , ut nostra fiat haereditas .	0		occidere	
84	"""Et dum seminat, aliud cecidit circa viam, et venerunt volucres caeli, et comederunt illud."""	`` Et dum seminat , aliud cecidit circa viam , et venerunt volucres caeli , et [MASK] illud . ''	0	volucer	comedere	
85	Quod si invicem mordetis, et comeditis: videte ne ab invicem consumamini.	Quod si invicem mordetis , et [MASK] : videte ne ab invicem consumamini .	1		comedere	
86	Verbum Christi habitet in vobis abundanter, in omni sapientia, docentes, et commonentes vosmetipsos, psalmis, hymnis, et canticis spiritualibus, in gratia cantantes in cordibus vestris Deo.	Verbum Christi [MASK] in vobis abundanter , in omni sapientia , docentes , et commonentes vosmetipsos , psalmis , hymnis , et canticis spiritualibus , in gratia cantantes in cordibus vestris Deo .	1	verbum	habitare	
87	Sicut illi decem et octo, supra quos cecidit turris in Siloe, et occidit eos: putatis quia et ipsi debitores fuerint praeter omnes homines habitantes in Jerusalem?	Sicut illi decem et octo , supra quos cecidit turris in Siloe , et occidit eos : putatis quia et ipsi debitores fuerint praeter omnes homines [MASK] in Jerusalem ?	0	homo	habitare	
88	 Erant autem in Jerusalem habitantes Judaei, viri religiosi ex omni natione quae sub caelo est.	Erant autem in Jerusalem [MASK] Judaei , viri religiosi ex omni natione quae sub caelo est .	0	Iudaeus	habitare	
89	An putatis quia inaniter Scriptura dicat: Ad invidiam concupiscit spiritus qui habitat in vobis?	An putatis quia inaniter Scriptura dicat : Ad invidiam concupiscit spiritus qui [MASK] in vobis ?	1	spiritus	habitare	
90	qui solus habet immortalitatem, et lucem inhabitat inaccessibilem: quem nullus hominum vidit, sed nec videre potest: cui honor, et imperium sempiternum. Amen.	qui solus habet immortalitatem , et lucem [MASK] inaccessibilem : quem nullus hominum vidit , sed nec videre potest : cui honor , et imperium sempiternum . Amen .	1		inhabitare	lux
91	aspectu enim, et auditu justus erat: habitans apud eos, qui de die in diem animam justam iniquis operibus cruciabant.	aspectu enim , et auditu justus erat : [MASK] apud eos , qui de die in diem animam justam iniquis operibus cruciabant .	0		habitare	
92	Similiter sicut factum est in diebus Lot: edebant et bibebant, emebant et vendebant, plantabant et aedificabant:	Similiter sicut factum est in diebus Lot : edebant et bibebant , emebant et vendebant , plantabant et [MASK] :	0		aedificare	
93	Propter quod consolamini invicem, et aedificate alterutrum, sicut et facitis.	Propter quod consolamini invicem , et [MASK] alterutrum , sicut et facitis .	1		aedificare	
94	Et tunc confitebor illis: Quia numquam novi vos: discedite a me, qui operamini iniquitatem.	Et tunc confitebor illis : Quia numquam novi vos : [MASK] a me , qui operamini iniquitatem .	0		discedere	
95	Sed firmum fundamentum Dei stat, habens signaculum hoc: cognovit Dominus qui sunt ejus, et discedat ab iniquitate omnis qui nominat nomen Domini.	Sed firmum fundamentum Dei stat , habens signaculum hoc : cognovit Dominus qui sunt ejus , et [MASK] ab iniquitate omnis qui nominat nomen Domini .	1		discedere	
96	Omnis enim natura bestiarum, et volucrum, et serpentium, et ceterorum domantur, et domita sunt a natura humana:	Omnis enim natura bestiarum , et volucrum , et serpentium , et ceterorum [MASK] , et domita sunt a natura humana :	0		domare	natura
97	linguam autem nullus hominum domare potest: inquietum malum, plena veneno mortifero.	linguam autem nullus hominum [MASK] potest : inquietum malum , plena veneno mortifero .	1	nullus	domare	lingua
98	Consepulti enim sumus cum illo per baptismum in mortem: ut quomodo Christus surrexit a mortuis per gloriam Patris, ita et nos in novitate vitae ambulemus.	[MASK] enim sumus cum illo per baptismum in mortem : ut quomodo Christus surrexit a mortuis per gloriam Patris , ita et nos in novitate vitae ambulemus .	1		consepelire	
99	Acceperunt ergo corpus Jesu, et ligaverunt illud linteis cum aromatibus, sicut mos est Judaeis sepelire.	Acceperunt ergo corpus Jesu , et ligaverunt illud linteis cum aromatibus , sicut mos est Judaeis [MASK] .	0		sepelire	
